<package-database xmlns="http://marklogic.com/manage/package/databases">
  <metadata xmlns:db="http://marklogic.com/manage/package/databases">
    <package-version>2.0</package-version>
    <user>admin</user>
    <group>Default</group>
    <host>macpro-3016</host>
    <timestamp>2014-12-02T15:22:18.041201-05:00</timestamp>
    <platform>macosx</platform>
  </metadata>
  <config>
    <name>rampup-modules</name>
    <links>
      <forests-list>
	<forest-name>rampup-modules-1</forest-name>
      </forests-list>
      <security-database>Security</security-database>
      <schema-database>App-Services</schema-database>
    </links>
  </config>
</package-database>
