<search:options xmlns:search="http://marklogic.com/appservices/search">
  <search:constraint name="doccategory">
    <search:range type="xs:string" collation="http://marklogic.com/collation/" facet="true">
      <search:element name="doccategory" ns="http://data.cityofchicago.org/rows/"/>
      <search:facet-option>frequency-order</search:facet-option>
    </search:range>
  </search:constraint>
  <search:constraint name="clientindustry">
    <search:range type="xs:string" collation="http://marklogic.com/collation/" facet="true">
      <search:element name="client_industry" ns="http://data.cityofchicago.org/rows/"/>
      <search:facet-option>frequency-order</search:facet-option>
    </search:range>
  </search:constraint>
  <search:constraint name="lobbyfirm">
    <search:range type="xs:string" collation="http://marklogic.com/collation/" facet="true">
      <search:element name="employer_name" ns="http://data.cityofchicago.org/rows/"/>
      <search:facet-option>frequency-order</search:facet-option>
    </search:range>
  </search:constraint>
  <search:constraint name="lobbieddept">
    <search:range type="xs:string" collation="http://marklogic.com/collation/" facet="true">
      <search:element name="lobbied_department_name" ns="http://data.cityofchicago.org/rows/"/>
      <search:facet-option>frequency-order</search:facet-option>
    </search:range>
  </search:constraint>
  <search:return-facets>true</search:return-facets>
</search:options>
