<pkg:manifest root="/" xmlns:pkg="http://marklogic.com/manage/package"><pkg:doc name="1.xml"><pkg:uri>/marklogic.rest.resource/semsparql/assets/metadata.xml</pkg:uri><pkg:permission><sec:capability xmlns:sec="http://marklogic.com/xdmp/security">read</sec:capability><sec:role-name xmlns:sec="http://marklogic.com/xdmp/security">application-plugin-registrar</sec:role-name></pkg:permission><pkg:permission><sec:capability xmlns:sec="http://marklogic.com/xdmp/security">update</sec:capability><sec:role-name xmlns:sec="http://marklogic.com/xdmp/security">application-plugin-registrar</sec:role-name></pkg:permission><pkg:permission><sec:capability xmlns:sec="http://marklogic.com/xdmp/security">read</sec:capability><sec:role-name xmlns:sec="http://marklogic.com/xdmp/security">rest-extension-user</sec:role-name></pkg:permission><pkg:permission><sec:capability xmlns:sec="http://marklogic.com/xdmp/security">update</sec:capability><sec:role-name xmlns:sec="http://marklogic.com/xdmp/security">rest-extension-user</sec:role-name></pkg:permission><pkg:kind>xml</pkg:kind><pkg:hash>FAKE-9707656020729855503</pkg:hash><pkg:properties><prop:last-modified xmlns:prop="http://marklogic.com/xdmp/property">2014-12-02T12:10:50-05:00</prop:last-modified></pkg:properties></pkg:doc><pkg:doc name="2.xml"><pkg:uri>/marklogic.rest.resource/describe/assets/metadata.xml</pkg:uri><pkg:permission><sec:capability xmlns:sec="http://marklogic.com/xdmp/security">read</sec:capability><sec:role-name xmlns:sec="http://marklogic.com/xdmp/security">application-plugin-registrar</sec:role-name></pkg:permission><pkg:permission><sec:capability xmlns:sec="http://marklogic.com/xdmp/security">update</sec:capability><sec:role-name xmlns:sec="http://marklogic.com/xdmp/security">application-plugin-registrar</sec:role-name></pkg:permission><pkg:permission><sec:capability xmlns:sec="http://marklogic.com/xdmp/security">read</sec:capability><sec:role-name xmlns:sec="http://marklogic.com/xdmp/security">rest-extension-user</sec:role-name></pkg:permission><pkg:permission><sec:capability xmlns:sec="http://marklogic.com/xdmp/security">update</sec:capability><sec:role-name xmlns:sec="http://marklogic.com/xdmp/security">rest-extension-user</sec:role-name></pkg:permission><pkg:kind>xml</pkg:kind><pkg:hash>FAKE-15814856772697391250</pkg:hash><pkg:properties><prop:last-modified xmlns:prop="http://marklogic.com/xdmp/property">2014-12-02T12:10:50-05:00</prop:last-modified></pkg:properties></pkg:doc><pkg:doc name="3.xml"><pkg:uri>/marklogic.rest.transform/load/assets/metadata.xml</pkg:uri><pkg:permission><sec:capability xmlns:sec="http://marklogic.com/xdmp/security">read</sec:capability><sec:role-name xmlns:sec="http://marklogic.com/xdmp/security">application-plugin-registrar</sec:role-name></pkg:permission><pkg:permission><sec:capability xmlns:sec="http://marklogic.com/xdmp/security">update</sec:capability><sec:role-name xmlns:sec="http://marklogic.com/xdmp/security">application-plugin-registrar</sec:role-name></pkg:permission><pkg:permission><sec:capability xmlns:sec="http://marklogic.com/xdmp/security">read</sec:capability><sec:role-name xmlns:sec="http://marklogic.com/xdmp/security">rest-extension-user</sec:role-name></pkg:permission><pkg:permission><sec:capability xmlns:sec="http://marklogic.com/xdmp/security">update</sec:capability><sec:role-name xmlns:sec="http://marklogic.com/xdmp/security">rest-extension-user</sec:role-name></pkg:permission><pkg:kind>xml</pkg:kind><pkg:hash>FAKE-112940003711467413</pkg:hash><pkg:properties><prop:last-modified xmlns:prop="http://marklogic.com/xdmp/property">2014-12-02T12:10:50-05:00</prop:last-modified></pkg:properties></pkg:doc><pkg:doc name="4.xml"><pkg:uri>/Default/rampup-appserver/rest-api/properties.xml</pkg:uri><pkg:permission><sec:capability xmlns:sec="http://marklogic.com/xdmp/security">update</sec:capability><sec:role-name xmlns:sec="http://marklogic.com/xdmp/security">rest-admin</sec:role-name></pkg:permission><pkg:permission><sec:capability xmlns:sec="http://marklogic.com/xdmp/security">read</sec:capability><sec:role-name xmlns:sec="http://marklogic.com/xdmp/security">rest-reader</sec:role-name></pkg:permission><pkg:permission><sec:capability xmlns:sec="http://marklogic.com/xdmp/security">update</sec:capability><sec:role-name xmlns:sec="http://marklogic.com/xdmp/security">rest-writer</sec:role-name></pkg:permission><pkg:kind>xml</pkg:kind><pkg:hash>FAKE-11510175891959380238</pkg:hash><pkg:properties><prop:last-modified xmlns:prop="http://marklogic.com/xdmp/property">2014-11-04T18:28:30-06:00</prop:last-modified></pkg:properties></pkg:doc><pkg:doc name="5.xml"><pkg:uri>/marklogic.rest.resource/triplification/assets/metadata.xml</pkg:uri><pkg:permission><sec:capability xmlns:sec="http://marklogic.com/xdmp/security">read</sec:capability><sec:role-name xmlns:sec="http://marklogic.com/xdmp/security">application-plugin-registrar</sec:role-name></pkg:permission><pkg:permission><sec:capability xmlns:sec="http://marklogic.com/xdmp/security">update</sec:capability><sec:role-name xmlns:sec="http://marklogic.com/xdmp/security">application-plugin-registrar</sec:role-name></pkg:permission><pkg:permission><sec:capability xmlns:sec="http://marklogic.com/xdmp/security">read</sec:capability><sec:role-name xmlns:sec="http://marklogic.com/xdmp/security">rest-extension-user</sec:role-name></pkg:permission><pkg:permission><sec:capability xmlns:sec="http://marklogic.com/xdmp/security">update</sec:capability><sec:role-name xmlns:sec="http://marklogic.com/xdmp/security">rest-extension-user</sec:role-name></pkg:permission><pkg:kind>xml</pkg:kind><pkg:hash>FAKE-15654148319932597117</pkg:hash><pkg:properties><prop:last-modified xmlns:prop="http://marklogic.com/xdmp/property">2014-12-02T12:10:50-05:00</prop:last-modified></pkg:properties></pkg:doc><pkg:doc name="6.xqy"><pkg:uri>/ext/modules/chigov2sem.xqy</pkg:uri><pkg:permission><sec:capability xmlns:sec="http://marklogic.com/xdmp/security">execute</sec:capability><sec:role-name xmlns:sec="http://marklogic.com/xdmp/security">rest-extension-user</sec:role-name></pkg:permission><pkg:permission><sec:capability xmlns:sec="http://marklogic.com/xdmp/security">update</sec:capability><sec:role-name xmlns:sec="http://marklogic.com/xdmp/security">rest-admin</sec:role-name></pkg:permission><pkg:permission><sec:capability xmlns:sec="http://marklogic.com/xdmp/security">read</sec:capability><sec:role-name xmlns:sec="http://marklogic.com/xdmp/security">rest-admin</sec:role-name></pkg:permission><pkg:kind>text</pkg:kind><pkg:hash>FAKE-2358588666921375015</pkg:hash><pkg:properties><prop:last-modified xmlns:prop="http://marklogic.com/xdmp/property">2014-12-02T12:10:50-05:00</prop:last-modified></pkg:properties></pkg:doc><pkg:doc name="7.xml"><pkg:uri>/Default/rampup-appserver/rest-api/options/default.xml</pkg:uri><pkg:permission><sec:capability xmlns:sec="http://marklogic.com/xdmp/security">read</sec:capability><sec:role-name xmlns:sec="http://marklogic.com/xdmp/security">rest-extension-user</sec:role-name></pkg:permission><pkg:permission><sec:capability xmlns:sec="http://marklogic.com/xdmp/security">update</sec:capability><sec:role-name xmlns:sec="http://marklogic.com/xdmp/security">rest-admin</sec:role-name></pkg:permission><pkg:kind>xml</pkg:kind><pkg:hash>FAKE-11698196091493035986</pkg:hash><pkg:properties><prop:last-modified xmlns:prop="http://marklogic.com/xdmp/property">2014-11-26T17:59:21-05:00</prop:last-modified></pkg:properties></pkg:doc><pkg:doc name="8.xqy"><pkg:uri>/marklogic.rest.resource/semsparql/assets/resource.xqy</pkg:uri><pkg:permission><sec:capability xmlns:sec="http://marklogic.com/xdmp/security">execute</sec:capability><sec:role-name xmlns:sec="http://marklogic.com/xdmp/security">application-plugin-registrar</sec:role-name></pkg:permission><pkg:permission><sec:capability xmlns:sec="http://marklogic.com/xdmp/security">read</sec:capability><sec:role-name xmlns:sec="http://marklogic.com/xdmp/security">application-plugin-registrar</sec:role-name></pkg:permission><pkg:permission><sec:capability xmlns:sec="http://marklogic.com/xdmp/security">update</sec:capability><sec:role-name xmlns:sec="http://marklogic.com/xdmp/security">application-plugin-registrar</sec:role-name></pkg:permission><pkg:permission><sec:capability xmlns:sec="http://marklogic.com/xdmp/security">execute</sec:capability><sec:role-name xmlns:sec="http://marklogic.com/xdmp/security">rest-reader</sec:role-name></pkg:permission><pkg:permission><sec:capability xmlns:sec="http://marklogic.com/xdmp/security">execute</sec:capability><sec:role-name xmlns:sec="http://marklogic.com/xdmp/security">rest-extension-user</sec:role-name></pkg:permission><pkg:permission><sec:capability xmlns:sec="http://marklogic.com/xdmp/security">read</sec:capability><sec:role-name xmlns:sec="http://marklogic.com/xdmp/security">rest-admin</sec:role-name></pkg:permission><pkg:permission><sec:capability xmlns:sec="http://marklogic.com/xdmp/security">update</sec:capability><sec:role-name xmlns:sec="http://marklogic.com/xdmp/security">rest-admin</sec:role-name></pkg:permission><pkg:kind>text</pkg:kind><pkg:hash>FAKE-18382074748889790920</pkg:hash><pkg:properties><prop:last-modified xmlns:prop="http://marklogic.com/xdmp/property">2014-12-02T12:10:50-05:00</prop:last-modified></pkg:properties></pkg:doc><pkg:doc name="9.xqy"><pkg:uri>/marklogic.rest.resource/describe/assets/resource.xqy</pkg:uri><pkg:permission><sec:capability xmlns:sec="http://marklogic.com/xdmp/security">execute</sec:capability><sec:role-name xmlns:sec="http://marklogic.com/xdmp/security">application-plugin-registrar</sec:role-name></pkg:permission><pkg:permission><sec:capability xmlns:sec="http://marklogic.com/xdmp/security">read</sec:capability><sec:role-name xmlns:sec="http://marklogic.com/xdmp/security">application-plugin-registrar</sec:role-name></pkg:permission><pkg:permission><sec:capability xmlns:sec="http://marklogic.com/xdmp/security">update</sec:capability><sec:role-name xmlns:sec="http://marklogic.com/xdmp/security">application-plugin-registrar</sec:role-name></pkg:permission><pkg:permission><sec:capability xmlns:sec="http://marklogic.com/xdmp/security">execute</sec:capability><sec:role-name xmlns:sec="http://marklogic.com/xdmp/security">rest-reader</sec:role-name></pkg:permission><pkg:permission><sec:capability xmlns:sec="http://marklogic.com/xdmp/security">execute</sec:capability><sec:role-name xmlns:sec="http://marklogic.com/xdmp/security">rest-extension-user</sec:role-name></pkg:permission><pkg:permission><sec:capability xmlns:sec="http://marklogic.com/xdmp/security">read</sec:capability><sec:role-name xmlns:sec="http://marklogic.com/xdmp/security">rest-admin</sec:role-name></pkg:permission><pkg:permission><sec:capability xmlns:sec="http://marklogic.com/xdmp/security">update</sec:capability><sec:role-name xmlns:sec="http://marklogic.com/xdmp/security">rest-admin</sec:role-name></pkg:permission><pkg:kind>text</pkg:kind><pkg:hash>FAKE-9440304857879033620</pkg:hash><pkg:properties><prop:last-modified xmlns:prop="http://marklogic.com/xdmp/property">2014-12-02T12:10:50-05:00</prop:last-modified></pkg:properties></pkg:doc><pkg:doc name="10.xqy"><pkg:uri>/marklogic.rest.transform/load/assets/transform.xqy</pkg:uri><pkg:permission><sec:capability xmlns:sec="http://marklogic.com/xdmp/security">execute</sec:capability><sec:role-name xmlns:sec="http://marklogic.com/xdmp/security">application-plugin-registrar</sec:role-name></pkg:permission><pkg:permission><sec:capability xmlns:sec="http://marklogic.com/xdmp/security">read</sec:capability><sec:role-name xmlns:sec="http://marklogic.com/xdmp/security">application-plugin-registrar</sec:role-name></pkg:permission><pkg:permission><sec:capability xmlns:sec="http://marklogic.com/xdmp/security">update</sec:capability><sec:role-name xmlns:sec="http://marklogic.com/xdmp/security">application-plugin-registrar</sec:role-name></pkg:permission><pkg:permission><sec:capability xmlns:sec="http://marklogic.com/xdmp/security">execute</sec:capability><sec:role-name xmlns:sec="http://marklogic.com/xdmp/security">rest-reader</sec:role-name></pkg:permission><pkg:permission><sec:capability xmlns:sec="http://marklogic.com/xdmp/security">execute</sec:capability><sec:role-name xmlns:sec="http://marklogic.com/xdmp/security">rest-extension-user</sec:role-name></pkg:permission><pkg:permission><sec:capability xmlns:sec="http://marklogic.com/xdmp/security">read</sec:capability><sec:role-name xmlns:sec="http://marklogic.com/xdmp/security">rest-admin</sec:role-name></pkg:permission><pkg:permission><sec:capability xmlns:sec="http://marklogic.com/xdmp/security">update</sec:capability><sec:role-name xmlns:sec="http://marklogic.com/xdmp/security">rest-admin</sec:role-name></pkg:permission><pkg:kind>text</pkg:kind><pkg:hash>FAKE-5021048530379314089</pkg:hash><pkg:properties><prop:last-modified xmlns:prop="http://marklogic.com/xdmp/property">2014-12-02T12:10:50-05:00</prop:last-modified></pkg:properties></pkg:doc><pkg:doc name="11.xqy"><pkg:uri>/marklogic.rest.resource/triplification/assets/resource.xqy</pkg:uri><pkg:permission><sec:capability xmlns:sec="http://marklogic.com/xdmp/security">execute</sec:capability><sec:role-name xmlns:sec="http://marklogic.com/xdmp/security">application-plugin-registrar</sec:role-name></pkg:permission><pkg:permission><sec:capability xmlns:sec="http://marklogic.com/xdmp/security">read</sec:capability><sec:role-name xmlns:sec="http://marklogic.com/xdmp/security">application-plugin-registrar</sec:role-name></pkg:permission><pkg:permission><sec:capability xmlns:sec="http://marklogic.com/xdmp/security">update</sec:capability><sec:role-name xmlns:sec="http://marklogic.com/xdmp/security">application-plugin-registrar</sec:role-name></pkg:permission><pkg:permission><sec:capability xmlns:sec="http://marklogic.com/xdmp/security">execute</sec:capability><sec:role-name xmlns:sec="http://marklogic.com/xdmp/security">rest-reader</sec:role-name></pkg:permission><pkg:permission><sec:capability xmlns:sec="http://marklogic.com/xdmp/security">execute</sec:capability><sec:role-name xmlns:sec="http://marklogic.com/xdmp/security">rest-extension-user</sec:role-name></pkg:permission><pkg:permission><sec:capability xmlns:sec="http://marklogic.com/xdmp/security">read</sec:capability><sec:role-name xmlns:sec="http://marklogic.com/xdmp/security">rest-admin</sec:role-name></pkg:permission><pkg:permission><sec:capability xmlns:sec="http://marklogic.com/xdmp/security">update</sec:capability><sec:role-name xmlns:sec="http://marklogic.com/xdmp/security">rest-admin</sec:role-name></pkg:permission><pkg:kind>text</pkg:kind><pkg:hash>FAKE-1621191872028784081</pkg:hash><pkg:properties><prop:last-modified xmlns:prop="http://marklogic.com/xdmp/property">2014-12-02T12:10:50-05:00</prop:last-modified></pkg:properties></pkg:doc></pkg:manifest>
